DATAFLOW,LAST UPDATE,freq,unit,s_adj,na_item,geo,TIME_PERIOD,OBS_VALUE,OBS_FLAG
ESTAT:NAMQ_10_GDP(1.0),06/07/23 23:00:00,Q,CP_MEUR,SCA,B1GQ,DE,1999-Q4,518769.0,
ESTAT:NAMQ_10_GDP(1.0),06/07/23 23:00:00,Q,CP_MEUR,SCA,B1GQ,DE,2000-Q1,524619.0,
ESTAT:NAMQ_10_GDP(1.0),06/07/23 23:00:00,Q,CP_MEUR,SCA,B1GQ,DE,2000-Q2,527817.0,
ESTAT:NAMQ_10_GDP(1.0),06/07/23 23:00:00,Q,CP_MEUR,SCA,B1GQ,DE,2000-Q3,529072.0,
ESTAT:NAMQ_10_GDP(1.0),06/07/23 23:00:00,Q,CP_MEUR,SCA,B1GQ,DE,2000-Q4,527660.0,
ESTAT:NAMQ_10_GDP(1.0),06/07/23 23:00:00,Q,CP_MEUR,SCA,B1GQ,DE,2001-Q1,541598.0,
ESTAT:NAMQ_10_GDP(1.0),06/07/23 23:00:00,Q,CP_MEUR,SCA,B1GQ,DE,2001-Q2,541447.0,
ESTAT:NAMQ_10_GDP(1.0),06/07/23 23:00:00,Q,CP_MEUR,SCA,B1GQ,DE,2001-Q3,544072.0,
ESTAT:NAMQ_10_GDP(1.0),06/07/23 23:00:00,Q,CP_MEUR,SCA,B1GQ,DE,2001-Q4,548232.0,
ESTAT:NAMQ_10_GDP(1.0),06/07/23 23:00:00,Q,CP_MEUR,SCA,B1GQ,DE,2002-Q1,546397.0,
ESTAT:NAMQ_10_GDP(1.0),06/07/23 23:00:00,Q,CP_MEUR,SCA,B1GQ,DE,2002-Q2,546750.0,
ESTAT:NAMQ_10_GDP(1.0),06/07/23 23:00:00,Q,CP_MEUR,SCA,B1GQ,DE,2002-Q3,554295.0,
ESTAT:NAMQ_10_GDP(1.0),06/07/23 23:00:00,Q,CP_MEUR,SCA,B1GQ,DE,2002-Q4,554280.0,
ESTAT:NAMQ_10_GDP(1.0),06/07/23 23:00:00,Q,CP_MEUR,SCA,B1GQ,DE,2003-Q1,549136.0,
ESTAT:NAMQ_10_GDP(1.0),06/07/23 23:00:00,Q,CP_MEUR,SCA,B1GQ,DE,2003-Q2,550185.0,
ESTAT:NAMQ_10_GDP(1.0),06/07/23 23:00:00,Q,CP_MEUR,SCA,B1GQ,DE,2003-Q3,557133.0,
ESTAT:NAMQ_10_GDP(1.0),06/07/23 23:00:00,Q,CP_MEUR,SCA,B1GQ,DE,2003-Q4,558543.0,
ESTAT:NAMQ_10_GDP(1.0),06/07/23 23:00:00,Q,CP_MEUR,SCA,B1GQ,DE,2004-Q1,560087.0,
ESTAT:NAMQ_10_GDP(1.0),06/07/23 23:00:00,Q,CP_MEUR,SCA,B1GQ,DE,2004-Q2,566128.0,
ESTAT:NAMQ_10_GDP(1.0),06/07/23 23:00:00,Q,CP_MEUR,SCA,B1GQ,DE,2004-Q3,564971.0,
ESTAT:NAMQ_10_GDP(1.0),06/07/23 23:00:00,Q,CP_MEUR,SCA,B1GQ,DE,2004-Q4,564034.0,
ESTAT:NAMQ_10_GDP(1.0),06/07/23 23:00:00,Q,CP_MEUR,SCA,B1GQ,DE,2005-Q1,565303.0,
ESTAT:NAMQ_10_GDP(1.0),06/07/23 23:00:00,Q,CP_MEUR,SCA,B1GQ,DE,2005-Q2,568678.0,
ESTAT:NAMQ_10_GDP(1.0),06/07/23 23:00:00,Q,CP_MEUR,SCA,B1GQ,DE,2005-Q3,573699.0,
ESTAT:NAMQ_10_GDP(1.0),06/07/23 23:00:00,Q,CP_MEUR,SCA,B1GQ,DE,2005-Q4,577292.0,
ESTAT:NAMQ_10_GDP(1.0),06/07/23 23:00:00,Q,CP_MEUR,SCA,B1GQ,DE,2006-Q1,581856.0,
ESTAT:NAMQ_10_GDP(1.0),06/07/23 23:00:00,Q,CP_MEUR,SCA,B1GQ,DE,2006-Q2,594354.0,
ESTAT:NAMQ_10_GDP(1.0),06/07/23 23:00:00,Q,CP_MEUR,SCA,B1GQ,DE,2006-Q3,599101.0,
ESTAT:NAMQ_10_GDP(1.0),06/07/23 23:00:00,Q,CP_MEUR,SCA,B1GQ,DE,2006-Q4,610445.0,
ESTAT:NAMQ_10_GDP(1.0),06/07/23 23:00:00,Q,CP_MEUR,SCA,B1GQ,DE,2007-Q1,615992.0,
ESTAT:NAMQ_10_GDP(1.0),06/07/23 23:00:00,Q,CP_MEUR,SCA,B1GQ,DE,2007-Q2,623252.0,
ESTAT:NAMQ_10_GDP(1.0),06/07/23 23:00:00,Q,CP_MEUR,SCA,B1GQ,DE,2007-Q3,628616.0,
ESTAT:NAMQ_10_GDP(1.0),06/07/23 23:00:00,Q,CP_MEUR,SCA,B1GQ,DE,2007-Q4,635007.0,
ESTAT:NAMQ_10_GDP(1.0),06/07/23 23:00:00,Q,CP_MEUR,SCA,B1GQ,DE,2008-Q1,638655.0,
ESTAT:NAMQ_10_GDP(1.0),06/07/23 23:00:00,Q,CP_MEUR,SCA,B1GQ,DE,2008-Q2,639049.0,
ESTAT:NAMQ_10_GDP(1.0),06/07/23 23:00:00,Q,CP_MEUR,SCA,B1GQ,DE,2008-Q3,636361.0,
ESTAT:NAMQ_10_GDP(1.0),06/07/23 23:00:00,Q,CP_MEUR,SCA,B1GQ,DE,2008-Q4,628931.0,
ESTAT:NAMQ_10_GDP(1.0),06/07/23 23:00:00,Q,CP_MEUR,SCA,B1GQ,DE,2009-Q1,603631.0,
ESTAT:NAMQ_10_GDP(1.0),06/07/23 23:00:00,Q,CP_MEUR,SCA,B1GQ,DE,2009-Q2,606936.0,
ESTAT:NAMQ_10_GDP(1.0),06/07/23 23:00:00,Q,CP_MEUR,SCA,B1GQ,DE,2009-Q3,613469.0,
ESTAT:NAMQ_10_GDP(1.0),06/07/23 23:00:00,Q,CP_MEUR,SCA,B1GQ,DE,2009-Q4,619699.0,
ESTAT:NAMQ_10_GDP(1.0),06/07/23 23:00:00,Q,CP_MEUR,SCA,B1GQ,DE,2010-Q1,625019.0,
ESTAT:NAMQ_10_GDP(1.0),06/07/23 23:00:00,Q,CP_MEUR,SCA,B1GQ,DE,2010-Q2,635561.0,
ESTAT:NAMQ_10_GDP(1.0),06/07/23 23:00:00,Q,CP_MEUR,SCA,B1GQ,DE,2010-Q3,645696.0,
ESTAT:NAMQ_10_GDP(1.0),06/07/23 23:00:00,Q,CP_MEUR,SCA,B1GQ,DE,2010-Q4,652590.0,
ESTAT:NAMQ_10_GDP(1.0),06/07/23 23:00:00,Q,CP_MEUR,SCA,B1GQ,DE,2011-Q1,665197.0,
ESTAT:NAMQ_10_GDP(1.0),06/07/23 23:00:00,Q,CP_MEUR,SCA,B1GQ,DE,2011-Q2,668389.0,
ESTAT:NAMQ_10_GDP(1.0),06/07/23 23:00:00,Q,CP_MEUR,SCA,B1GQ,DE,2011-Q3,676815.0,
ESTAT:NAMQ_10_GDP(1.0),06/07/23 23:00:00,Q,CP_MEUR,SCA,B1GQ,DE,2011-Q4,679296.0,
ESTAT:NAMQ_10_GDP(1.0),06/07/23 23:00:00,Q,CP_MEUR,SCA,B1GQ,DE,2012-Q1,680649.0,
ESTAT:NAMQ_10_GDP(1.0),06/07/23 23:00:00,Q,CP_MEUR,SCA,B1GQ,DE,2012-Q2,683762.0,
ESTAT:NAMQ_10_GDP(1.0),06/07/23 23:00:00,Q,CP_MEUR,SCA,B1GQ,DE,2012-Q3,690444.0,
ESTAT:NAMQ_10_GDP(1.0),06/07/23 23:00:00,Q,CP_MEUR,SCA,B1GQ,DE,2012-Q4,691705.0,
ESTAT:NAMQ_10_GDP(1.0),06/07/23 23:00:00,Q,CP_MEUR,SCA,B1GQ,DE,2013-Q1,692443.0,
ESTAT:NAMQ_10_GDP(1.0),06/07/23 23:00:00,Q,CP_MEUR,SCA,B1GQ,DE,2013-Q2,701924.0,
ESTAT:NAMQ_10_GDP(1.0),06/07/23 23:00:00,Q,CP_MEUR,SCA,B1GQ,DE,2013-Q3,708956.0,
ESTAT:NAMQ_10_GDP(1.0),06/07/23 23:00:00,Q,CP_MEUR,SCA,B1GQ,DE,2013-Q4,712631.0,
ESTAT:NAMQ_10_GDP(1.0),06/07/23 23:00:00,Q,CP_MEUR,SCA,B1GQ,DE,2014-Q1,725479.0,
ESTAT:NAMQ_10_GDP(1.0),06/07/23 23:00:00,Q,CP_MEUR,SCA,B1GQ,DE,2014-Q2,729269.0,
ESTAT:NAMQ_10_GDP(1.0),06/07/23 23:00:00,Q,CP_MEUR,SCA,B1GQ,DE,2014-Q3,734681.0,
ESTAT:NAMQ_10_GDP(1.0),06/07/23 23:00:00,Q,CP_MEUR,SCA,B1GQ,DE,2014-Q4,742521.0,
ESTAT:NAMQ_10_GDP(1.0),06/07/23 23:00:00,Q,CP_MEUR,SCA,B1GQ,DE,2015-Q1,745302.0,
ESTAT:NAMQ_10_GDP(1.0),06/07/23 23:00:00,Q,CP_MEUR,SCA,B1GQ,DE,2015-Q2,753930.0,
ESTAT:NAMQ_10_GDP(1.0),06/07/23 23:00:00,Q,CP_MEUR,SCA,B1GQ,DE,2015-Q3,759577.0,
ESTAT:NAMQ_10_GDP(1.0),06/07/23 23:00:00,Q,CP_MEUR,SCA,B1GQ,DE,2015-Q4,764593.0,
ESTAT:NAMQ_10_GDP(1.0),06/07/23 23:00:00,Q,CP_MEUR,SCA,B1GQ,DE,2016-Q1,774643.0,
ESTAT:NAMQ_10_GDP(1.0),06/07/23 23:00:00,Q,CP_MEUR,SCA,B1GQ,DE,2016-Q2,780577.0,
ESTAT:NAMQ_10_GDP(1.0),06/07/23 23:00:00,Q,CP_MEUR,SCA,B1GQ,DE,2016-Q3,783874.0,
ESTAT:NAMQ_10_GDP(1.0),06/07/23 23:00:00,Q,CP_MEUR,SCA,B1GQ,DE,2016-Q4,790204.0,
ESTAT:NAMQ_10_GDP(1.0),06/07/23 23:00:00,Q,CP_MEUR,SCA,B1GQ,DE,2017-Q1,801646.0,
ESTAT:NAMQ_10_GDP(1.0),06/07/23 23:00:00,Q,CP_MEUR,SCA,B1GQ,DE,2017-Q2,812923.0,
ESTAT:NAMQ_10_GDP(1.0),06/07/23 23:00:00,Q,CP_MEUR,SCA,B1GQ,DE,2017-Q3,822783.0,
ESTAT:NAMQ_10_GDP(1.0),06/07/23 23:00:00,Q,CP_MEUR,SCA,B1GQ,DE,2017-Q4,833723.0,
ESTAT:NAMQ_10_GDP(1.0),06/07/23 23:00:00,Q,CP_MEUR,SCA,B1GQ,DE,2018-Q1,832194.0,
ESTAT:NAMQ_10_GDP(1.0),06/07/23 23:00:00,Q,CP_MEUR,SCA,B1GQ,DE,2018-Q2,842410.0,
ESTAT:NAMQ_10_GDP(1.0),06/07/23 23:00:00,Q,CP_MEUR,SCA,B1GQ,DE,2018-Q3,841544.0,
ESTAT:NAMQ_10_GDP(1.0),06/07/23 23:00:00,Q,CP_MEUR,SCA,B1GQ,DE,2018-Q4,854104.0,
ESTAT:NAMQ_10_GDP(1.0),06/07/23 23:00:00,Q,CP_MEUR,SCA,B1GQ,DE,2019-Q1,861296.0,p
ESTAT:NAMQ_10_GDP(1.0),06/07/23 23:00:00,Q,CP_MEUR,SCA,B1GQ,DE,2019-Q2,864772.0,p
ESTAT:NAMQ_10_GDP(1.0),06/07/23 23:00:00,Q,CP_MEUR,SCA,B1GQ,DE,2019-Q3,873250.0,p
ESTAT:NAMQ_10_GDP(1.0),06/07/23 23:00:00,Q,CP_MEUR,SCA,B1GQ,DE,2019-Q4,880050.0,p
ESTAT:NAMQ_10_GDP(1.0),06/07/23 23:00:00,Q,CP_MEUR,SCA,B1GQ,DE,2020-Q1,873312.0,p
ESTAT:NAMQ_10_GDP(1.0),06/07/23 23:00:00,Q,CP_MEUR,SCA,B1GQ,DE,2020-Q2,798112.0,p
ESTAT:NAMQ_10_GDP(1.0),06/07/23 23:00:00,Q,CP_MEUR,SCA,B1GQ,DE,2020-Q3,857040.0,p
ESTAT:NAMQ_10_GDP(1.0),06/07/23 23:00:00,Q,CP_MEUR,SCA,B1GQ,DE,2020-Q4,869793.0,p
ESTAT:NAMQ_10_GDP(1.0),06/07/23 23:00:00,Q,CP_MEUR,SCA,B1GQ,DE,2021-Q1,869593.0,p
ESTAT:NAMQ_10_GDP(1.0),06/07/23 23:00:00,Q,CP_MEUR,SCA,B1GQ,DE,2021-Q2,886212.0,p
ESTAT:NAMQ_10_GDP(1.0),06/07/23 23:00:00,Q,CP_MEUR,SCA,B1GQ,DE,2021-Q3,912219.0,p
ESTAT:NAMQ_10_GDP(1.0),06/07/23 23:00:00,Q,CP_MEUR,SCA,B1GQ,DE,2021-Q4,924492.0,p
ESTAT:NAMQ_10_GDP(1.0),06/07/23 23:00:00,Q,CP_MEUR,SCA,B1GQ,DE,2022-Q1,946245.0,p
ESTAT:NAMQ_10_GDP(1.0),06/07/23 23:00:00,Q,CP_MEUR,SCA,B1GQ,DE,2022-Q2,957437.0,p
ESTAT:NAMQ_10_GDP(1.0),06/07/23 23:00:00,Q,CP_MEUR,SCA,B1GQ,DE,2022-Q3,969645.0,p
ESTAT:NAMQ_10_GDP(1.0),06/07/23 23:00:00,Q,CP_MEUR,SCA,B1GQ,DE,2022-Q4,989930.0,p
ESTAT:NAMQ_10_GDP(1.0),06/07/23 23:00:00,Q,CP_MEUR,SCA,B1GQ,DE,2023-Q1,999830.0,p
ESTAT:NAMQ_10_GDP(1.0),06/07/23 23:00:00,Q,CP_MEUR,SCA,B1GQ,ES,1999-Q4,153809.0,
ESTAT:NAMQ_10_GDP(1.0),06/07/23 23:00:00,Q,CP_MEUR,SCA,B1GQ,ES,2000-Q1,157400.0,
ESTAT:NAMQ_10_GDP(1.0),06/07/23 23:00:00,Q,CP_MEUR,SCA,B1GQ,ES,2000-Q2,160232.0,
ESTAT:NAMQ_10_GDP(1.0),06/07/23 23:00:00,Q,CP_MEUR,SCA,B1GQ,ES,2000-Q3,163227.0,
ESTAT:NAMQ_10_GDP(1.0),06/07/23 23:00:00,Q,CP_MEUR,SCA,B1GQ,ES,2000-Q4,166992.0,
ESTAT:NAMQ_10_GDP(1.0),06/07/23 23:00:00,Q,CP_MEUR,SCA,B1GQ,ES,2001-Q1,170735.0,
ESTAT:NAMQ_10_GDP(1.0),06/07/23 23:00:00,Q,CP_MEUR,SCA,B1GQ,ES,2001-Q2,173291.0,
ESTAT:NAMQ_10_GDP(1.0),06/07/23 23:00:00,Q,CP_MEUR,SCA,B1GQ,ES,2001-Q3,176927.0,
ESTAT:NAMQ_10_GDP(1.0),06/07/23 23:00:00,Q,CP_MEUR,SCA,B1GQ,ES,2001-Q4,180040.0,
ESTAT:NAMQ_10_GDP(1.0),06/07/23 23:00:00,Q,CP_MEUR,SCA,B1GQ,ES,2002-Q1,182753.0,
ESTAT:NAMQ_10_GDP(1.0),06/07/23 23:00:00,Q,CP_MEUR,SCA,B1GQ,ES,2002-Q2,186170.0,
ESTAT:NAMQ_10_GDP(1.0),06/07/23 23:00:00,Q,CP_MEUR,SCA,B1GQ,ES,2002-Q3,188931.0,
ESTAT:NAMQ_10_GDP(1.0),06/07/23 23:00:00,Q,CP_MEUR,SCA,B1GQ,ES,2002-Q4,191698.0,
ESTAT:NAMQ_10_GDP(1.0),06/07/23 23:00:00,Q,CP_MEUR,SCA,B1GQ,ES,2003-Q1,195380.0,
ESTAT:NAMQ_10_GDP(1.0),06/07/23 23:00:00,Q,CP_MEUR,SCA,B1GQ,ES,2003-Q2,199288.0,
ESTAT:NAMQ_10_GDP(1.0),06/07/23 23:00:00,Q,CP_MEUR,SCA,B1GQ,ES,2003-Q3,202014.0,
ESTAT:NAMQ_10_GDP(1.0),06/07/23 23:00:00,Q,CP_MEUR,SCA,B1GQ,ES,2003-Q4,205584.0,
ESTAT:NAMQ_10_GDP(1.0),06/07/23 23:00:00,Q,CP_MEUR,SCA,B1GQ,ES,2004-Q1,209190.0,
ESTAT:NAMQ_10_GDP(1.0),06/07/23 23:00:00,Q,CP_MEUR,SCA,B1GQ,ES,2004-Q2,212367.0,
ESTAT:NAMQ_10_GDP(1.0),06/07/23 23:00:00,Q,CP_MEUR,SCA,B1GQ,ES,2004-Q3,216525.0,
ESTAT:NAMQ_10_GDP(1.0),06/07/23 23:00:00,Q,CP_MEUR,SCA,B1GQ,ES,2004-Q4,221355.0,
ESTAT:NAMQ_10_GDP(1.0),06/07/23 23:00:00,Q,CP_MEUR,SCA,B1GQ,ES,2005-Q1,224814.0,
ESTAT:NAMQ_10_GDP(1.0),06/07/23 23:00:00,Q,CP_MEUR,SCA,B1GQ,ES,2005-Q2,229433.0,
ESTAT:NAMQ_10_GDP(1.0),06/07/23 23:00:00,Q,CP_MEUR,SCA,B1GQ,ES,2005-Q3,233904.0,
ESTAT:NAMQ_10_GDP(1.0),06/07/23 23:00:00,Q,CP_MEUR,SCA,B1GQ,ES,2005-Q4,239206.0,
ESTAT:NAMQ_10_GDP(1.0),06/07/23 23:00:00,Q,CP_MEUR,SCA,B1GQ,ES,2006-Q1,243627.0,
ESTAT:NAMQ_10_GDP(1.0),06/07/23 23:00:00,Q,CP_MEUR,SCA,B1GQ,ES,2006-Q2,249021.0,
ESTAT:NAMQ_10_GDP(1.0),06/07/23 23:00:00,Q,CP_MEUR,SCA,B1GQ,ES,2006-Q3,253409.0,
ESTAT:NAMQ_10_GDP(1.0),06/07/23 23:00:00,Q,CP_MEUR,SCA,B1GQ,ES,2006-Q4,257766.0,
ESTAT:NAMQ_10_GDP(1.0),06/07/23 23:00:00,Q,CP_MEUR,SCA,B1GQ,ES,2007-Q1,263773.0,
ESTAT:NAMQ_10_GDP(1.0),06/07/23 23:00:00,Q,CP_MEUR,SCA,B1GQ,ES,2007-Q2,267333.0,
ESTAT:NAMQ_10_GDP(1.0),06/07/23 23:00:00,Q,CP_MEUR,SCA,B1GQ,ES,2007-Q3,269354.0,
ESTAT:NAMQ_10_GDP(1.0),06/07/23 23:00:00,Q,CP_MEUR,SCA,B1GQ,ES,2007-Q4,275079.0,
ESTAT:NAMQ_10_GDP(1.0),06/07/23 23:00:00,Q,CP_MEUR,SCA,B1GQ,ES,2008-Q1,277657.0,
ESTAT:NAMQ_10_GDP(1.0),06/07/23 23:00:00,Q,CP_MEUR,SCA,B1GQ,ES,2008-Q2,278983.0,
ESTAT:NAMQ_10_GDP(1.0),06/07/23 23:00:00,Q,CP_MEUR,SCA,B1GQ,ES,2008-Q3,277456.0,
ESTAT:NAMQ_10_GDP(1.0),06/07/23 23:00:00,Q,CP_MEUR,SCA,B1GQ,ES,2008-Q4,275445.0,
ESTAT:NAMQ_10_GDP(1.0),06/07/23 23:00:00,Q,CP_MEUR,SCA,B1GQ,ES,2009-Q1,269199.0,
ESTAT:NAMQ_10_GDP(1.0),06/07/23 23:00:00,Q,CP_MEUR,SCA,B1GQ,ES,2009-Q2,267165.0,
ESTAT:NAMQ_10_GDP(1.0),06/07/23 23:00:00,Q,CP_MEUR,SCA,B1GQ,ES,2009-Q3,266711.0,
ESTAT:NAMQ_10_GDP(1.0),06/07/23 23:00:00,Q,CP_MEUR,SCA,B1GQ,ES,2009-Q4,266248.0,
ESTAT:NAMQ_10_GDP(1.0),06/07/23 23:00:00,Q,CP_MEUR,SCA,B1GQ,ES,2010-Q1,268031.0,
ESTAT:NAMQ_10_GDP(1.0),06/07/23 23:00:00,Q,CP_MEUR,SCA,B1GQ,ES,2010-Q2,267355.0,
ESTAT:NAMQ_10_GDP(1.0),06/07/23 23:00:00,Q,CP_MEUR,SCA,B1GQ,ES,2010-Q3,267959.0,
ESTAT:NAMQ_10_GDP(1.0),06/07/23 23:00:00,Q,CP_MEUR,SCA,B1GQ,ES,2010-Q4,269364.0,
ESTAT:NAMQ_10_GDP(1.0),06/07/23 23:00:00,Q,CP_MEUR,SCA,B1GQ,ES,2011-Q1,267991.0,
ESTAT:NAMQ_10_GDP(1.0),06/07/23 23:00:00,Q,CP_MEUR,SCA,B1GQ,ES,2011-Q2,267784.0,
ESTAT:NAMQ_10_GDP(1.0),06/07/23 23:00:00,Q,CP_MEUR,SCA,B1GQ,ES,2011-Q3,265547.0,
ESTAT:NAMQ_10_GDP(1.0),06/07/23 23:00:00,Q,CP_MEUR,SCA,B1GQ,ES,2011-Q4,262441.0,
ESTAT:NAMQ_10_GDP(1.0),06/07/23 23:00:00,Q,CP_MEUR,SCA,B1GQ,ES,2012-Q1,261476.0,
ESTAT:NAMQ_10_GDP(1.0),06/07/23 23:00:00,Q,CP_MEUR,SCA,B1GQ,ES,2012-Q2,258841.0,
ESTAT:NAMQ_10_GDP(1.0),06/07/23 23:00:00,Q,CP_MEUR,SCA,B1GQ,ES,2012-Q3,257494.0,
ESTAT:NAMQ_10_GDP(1.0),06/07/23 23:00:00,Q,CP_MEUR,SCA,B1GQ,ES,2012-Q4,253293.0,
ESTAT:NAMQ_10_GDP(1.0),06/07/23 23:00:00,Q,CP_MEUR,SCA,B1GQ,ES,2013-Q1,255947.0,
ESTAT:NAMQ_10_GDP(1.0),06/07/23 23:00:00,Q,CP_MEUR,SCA,B1GQ,ES,2013-Q2,255243.0,
ESTAT:NAMQ_10_GDP(1.0),06/07/23 23:00:00,Q,CP_MEUR,SCA,B1GQ,ES,2013-Q3,254906.0,
ESTAT:NAMQ_10_GDP(1.0),06/07/23 23:00:00,Q,CP_MEUR,SCA,B1GQ,ES,2013-Q4,254581.0,
ESTAT:NAMQ_10_GDP(1.0),06/07/23 23:00:00,Q,CP_MEUR,SCA,B1GQ,ES,2014-Q1,256405.0,
ESTAT:NAMQ_10_GDP(1.0),06/07/23 23:00:00,Q,CP_MEUR,SCA,B1GQ,ES,2014-Q2,257113.0,
ESTAT:NAMQ_10_GDP(1.0),06/07/23 23:00:00,Q,CP_MEUR,SCA,B1GQ,ES,2014-Q3,258397.0,
ESTAT:NAMQ_10_GDP(1.0),06/07/23 23:00:00,Q,CP_MEUR,SCA,B1GQ,ES,2014-Q4,260693.0,
ESTAT:NAMQ_10_GDP(1.0),06/07/23 23:00:00,Q,CP_MEUR,SCA,B1GQ,ES,2015-Q1,265947.0,
ESTAT:NAMQ_10_GDP(1.0),06/07/23 23:00:00,Q,CP_MEUR,SCA,B1GQ,ES,2015-Q2,268339.0,
ESTAT:NAMQ_10_GDP(1.0),06/07/23 23:00:00,Q,CP_MEUR,SCA,B1GQ,ES,2015-Q3,270752.0,
ESTAT:NAMQ_10_GDP(1.0),06/07/23 23:00:00,Q,CP_MEUR,SCA,B1GQ,ES,2015-Q4,273054.0,
ESTAT:NAMQ_10_GDP(1.0),06/07/23 23:00:00,Q,CP_MEUR,SCA,B1GQ,ES,2016-Q1,275083.0,
ESTAT:NAMQ_10_GDP(1.0),06/07/23 23:00:00,Q,CP_MEUR,SCA,B1GQ,ES,2016-Q2,276972.0,
ESTAT:NAMQ_10_GDP(1.0),06/07/23 23:00:00,Q,CP_MEUR,SCA,B1GQ,ES,2016-Q3,280309.0,
ESTAT:NAMQ_10_GDP(1.0),06/07/23 23:00:00,Q,CP_MEUR,SCA,B1GQ,ES,2016-Q4,282056.0,
ESTAT:NAMQ_10_GDP(1.0),06/07/23 23:00:00,Q,CP_MEUR,SCA,B1GQ,ES,2017-Q1,285932.0,
ESTAT:NAMQ_10_GDP(1.0),06/07/23 23:00:00,Q,CP_MEUR,SCA,B1GQ,ES,2017-Q2,289674.0,
ESTAT:NAMQ_10_GDP(1.0),06/07/23 23:00:00,Q,CP_MEUR,SCA,B1GQ,ES,2017-Q3,291342.0,
ESTAT:NAMQ_10_GDP(1.0),06/07/23 23:00:00,Q,CP_MEUR,SCA,B1GQ,ES,2017-Q4,295544.0,
ESTAT:NAMQ_10_GDP(1.0),06/07/23 23:00:00,Q,CP_MEUR,SCA,B1GQ,ES,2018-Q1,296377.0,
ESTAT:NAMQ_10_GDP(1.0),06/07/23 23:00:00,Q,CP_MEUR,SCA,B1GQ,ES,2018-Q2,299596.0,
ESTAT:NAMQ_10_GDP(1.0),06/07/23 23:00:00,Q,CP_MEUR,SCA,B1GQ,ES,2018-Q3,302068.0,
ESTAT:NAMQ_10_GDP(1.0),06/07/23 23:00:00,Q,CP_MEUR,SCA,B1GQ,ES,2018-Q4,305818.0,
ESTAT:NAMQ_10_GDP(1.0),06/07/23 23:00:00,Q,CP_MEUR,SCA,B1GQ,ES,2019-Q1,309124.0,
ESTAT:NAMQ_10_GDP(1.0),06/07/23 23:00:00,Q,CP_MEUR,SCA,B1GQ,ES,2019-Q2,310078.0,
ESTAT:NAMQ_10_GDP(1.0),06/07/23 23:00:00,Q,CP_MEUR,SCA,B1GQ,ES,2019-Q3,311392.0,
ESTAT:NAMQ_10_GDP(1.0),06/07/23 23:00:00,Q,CP_MEUR,SCA,B1GQ,ES,2019-Q4,314919.0,
ESTAT:NAMQ_10_GDP(1.0),06/07/23 23:00:00,Q,CP_MEUR,SCA,B1GQ,ES,2020-Q1,297310.0,p
ESTAT:NAMQ_10_GDP(1.0),06/07/23 23:00:00,Q,CP_MEUR,SCA,B1GQ,ES,2020-Q2,245083.0,p
ESTAT:NAMQ_10_GDP(1.0),06/07/23 23:00:00,Q,CP_MEUR,SCA,B1GQ,ES,2020-Q3,286945.0,p
ESTAT:NAMQ_10_GDP(1.0),06/07/23 23:00:00,Q,CP_MEUR,SCA,B1GQ,ES,2020-Q4,288651.0,p
ESTAT:NAMQ_10_GDP(1.0),06/07/23 23:00:00,Q,CP_MEUR,SCA,B1GQ,ES,2021-Q1,289172.0,p
ESTAT:NAMQ_10_GDP(1.0),06/07/23 23:00:00,Q,CP_MEUR,SCA,B1GQ,ES,2021-Q2,292797.0,p
ESTAT:NAMQ_10_GDP(1.0),06/07/23 23:00:00,Q,CP_MEUR,SCA,B1GQ,ES,2021-Q3,305527.0,p
ESTAT:NAMQ_10_GDP(1.0),06/07/23 23:00:00,Q,CP_MEUR,SCA,B1GQ,ES,2021-Q4,319346.0,p
ESTAT:NAMQ_10_GDP(1.0),06/07/23 23:00:00,Q,CP_MEUR,SCA,B1GQ,ES,2022-Q1,318676.0,p
ESTAT:NAMQ_10_GDP(1.0),06/07/23 23:00:00,Q,CP_MEUR,SCA,B1GQ,ES,2022-Q2,328277.0,p
ESTAT:NAMQ_10_GDP(1.0),06/07/23 23:00:00,Q,CP_MEUR,SCA,B1GQ,ES,2022-Q3,334284.0,p
ESTAT:NAMQ_10_GDP(1.0),06/07/23 23:00:00,Q,CP_MEUR,SCA,B1GQ,ES,2022-Q4,345871.0,p
ESTAT:NAMQ_10_GDP(1.0),06/07/23 23:00:00,Q,CP_MEUR,SCA,B1GQ,ES,2023-Q1,352662.0,p
ESTAT:NAMQ_10_GDP(1.0),06/07/23 23:00:00,Q,CP_MEUR,SCA,B1GQ,FR,1999-Q4,356795.4,
ESTAT:NAMQ_10_GDP(1.0),06/07/23 23:00:00,Q,CP_MEUR,SCA,B1GQ,FR,2000-Q1,362552.4,
ESTAT:NAMQ_10_GDP(1.0),06/07/23 23:00:00,Q,CP_MEUR,SCA,B1GQ,FR,2000-Q2,367985.4,
ESTAT:NAMQ_10_GDP(1.0),06/07/23 23:00:00,Q,CP_MEUR,SCA,B1GQ,FR,2000-Q3,373099.8,
ESTAT:NAMQ_10_GDP(1.0),06/07/23 23:00:00,Q,CP_MEUR,SCA,B1GQ,FR,2000-Q4,376816.1,
ESTAT:NAMQ_10_GDP(1.0),06/07/23 23:00:00,Q,CP_MEUR,SCA,B1GQ,FR,2001-Q1,380505.8,
ESTAT:NAMQ_10_GDP(1.0),06/07/23 23:00:00,Q,CP_MEUR,SCA,B1GQ,FR,2001-Q2,383186.3,
ESTAT:NAMQ_10_GDP(1.0),06/07/23 23:00:00,Q,CP_MEUR,SCA,B1GQ,FR,2001-Q3,387181.4,
ESTAT:NAMQ_10_GDP(1.0),06/07/23 23:00:00,Q,CP_MEUR,SCA,B1GQ,FR,2001-Q4,388416.5,
ESTAT:NAMQ_10_GDP(1.0),06/07/23 23:00:00,Q,CP_MEUR,SCA,B1GQ,FR,2002-Q1,392834.9,
ESTAT:NAMQ_10_GDP(1.0),06/07/23 23:00:00,Q,CP_MEUR,SCA,B1GQ,FR,2002-Q2,395658.4,
ESTAT:NAMQ_10_GDP(1.0),06/07/23 23:00:00,Q,CP_MEUR,SCA,B1GQ,FR,2002-Q3,399448.2,
ESTAT:NAMQ_10_GDP(1.0),06/07/23 23:00:00,Q,CP_MEUR,SCA,B1GQ,FR,2002-Q4,401670.3,
ESTAT:NAMQ_10_GDP(1.0),06/07/23 23:00:00,Q,CP_MEUR,SCA,B1GQ,FR,2003-Q1,402964.1,
ESTAT:NAMQ_10_GDP(1.0),06/07/23 23:00:00,Q,CP_MEUR,SCA,B1GQ,FR,2003-Q2,404773.1,
ESTAT:NAMQ_10_GDP(1.0),06/07/23 23:00:00,Q,CP_MEUR,SCA,B1GQ,FR,2003-Q3,410881.4,
ESTAT:NAMQ_10_GDP(1.0),06/07/23 23:00:00,Q,CP_MEUR,SCA,B1GQ,FR,2003-Q4,414270.8,
ESTAT:NAMQ_10_GDP(1.0),06/07/23 23:00:00,Q,CP_MEUR,SCA,B1GQ,FR,2004-Q1,420001.5,
ESTAT:NAMQ_10_GDP(1.0),06/07/23 23:00:00,Q,CP_MEUR,SCA,B1GQ,FR,2004-Q2,423107.9,
ESTAT:NAMQ_10_GDP(1.0),06/07/23 23:00:00,Q,CP_MEUR,SCA,B1GQ,FR,2004-Q3,426462.6,
ESTAT:NAMQ_10_GDP(1.0),06/07/23 23:00:00,Q,CP_MEUR,SCA,B1GQ,FR,2004-Q4,431673.6,
ESTAT:NAMQ_10_GDP(1.0),06/07/23 23:00:00,Q,CP_MEUR,SCA,B1GQ,FR,2005-Q1,434814.6,
ESTAT:NAMQ_10_GDP(1.0),06/07/23 23:00:00,Q,CP_MEUR,SCA,B1GQ,FR,2005-Q2,438572.8,
ESTAT:NAMQ_10_GDP(1.0),06/07/23 23:00:00,Q,CP_MEUR,SCA,B1GQ,FR,2005-Q3,442787.2,
ESTAT:NAMQ_10_GDP(1.0),06/07/23 23:00:00,Q,CP_MEUR,SCA,B1GQ,FR,2005-Q4,448183.0,
ESTAT:NAMQ_10_GDP(1.0),06/07/23 23:00:00,Q,CP_MEUR,SCA,B1GQ,FR,2006-Q1,453837.7,
ESTAT:NAMQ_10_GDP(1.0),06/07/23 23:00:00,Q,CP_MEUR,SCA,B1GQ,FR,2006-Q2,460573.2,
ESTAT:NAMQ_10_GDP(1.0),06/07/23 23:00:00,Q,CP_MEUR,SCA,B1GQ,FR,2006-Q3,464711.6,
ESTAT:NAMQ_10_GDP(1.0),06/07/23 23:00:00,Q,CP_MEUR,SCA,B1GQ,FR,2006-Q4,471065.3,
ESTAT:NAMQ_10_GDP(1.0),06/07/23 23:00:00,Q,CP_MEUR,SCA,B1GQ,FR,2007-Q1,477073.2,
ESTAT:NAMQ_10_GDP(1.0),06/07/23 23:00:00,Q,CP_MEUR,SCA,B1GQ,FR,2007-Q2,483252.2,
ESTAT:NAMQ_10_GDP(1.0),06/07/23 23:00:00,Q,CP_MEUR,SCA,B1GQ,FR,2007-Q3,489309.6,
ESTAT:NAMQ_10_GDP(1.0),06/07/23 23:00:00,Q,CP_MEUR,SCA,B1GQ,FR,2007-Q4,493165.5,
ESTAT:NAMQ_10_GDP(1.0),06/07/23 23:00:00,Q,CP_MEUR,SCA,B1GQ,FR,2008-Q1,499874.4,
ESTAT:NAMQ_10_GDP(1.0),06/07/23 23:00:00,Q,CP_MEUR,SCA,B1GQ,FR,2008-Q2,499795.0,
ESTAT:NAMQ_10_GDP(1.0),06/07/23 23:00:00,Q,CP_MEUR,SCA,B1GQ,FR,2008-Q3,499004.4,
ESTAT:NAMQ_10_GDP(1.0),06/07/23 23:00:00,Q,CP_MEUR,SCA,B1GQ,FR,2008-Q4,493037.1,
ESTAT:NAMQ_10_GDP(1.0),06/07/23 23:00:00,Q,CP_MEUR,SCA,B1GQ,FR,2009-Q1,483847.8,
ESTAT:NAMQ_10_GDP(1.0),06/07/23 23:00:00,Q,CP_MEUR,SCA,B1GQ,FR,2009-Q2,482813.4,
ESTAT:NAMQ_10_GDP(1.0),06/07/23 23:00:00,Q,CP_MEUR,SCA,B1GQ,FR,2009-Q3,482579.1,
ESTAT:NAMQ_10_GDP(1.0),06/07/23 23:00:00,Q,CP_MEUR,SCA,B1GQ,FR,2009-Q4,488123.4,
ESTAT:NAMQ_10_GDP(1.0),06/07/23 23:00:00,Q,CP_MEUR,SCA,B1GQ,FR,2010-Q1,491317.3,
ESTAT:NAMQ_10_GDP(1.0),06/07/23 23:00:00,Q,CP_MEUR,SCA,B1GQ,FR,2010-Q2,496473.0,
ESTAT:NAMQ_10_GDP(1.0),06/07/23 23:00:00,Q,CP_MEUR,SCA,B1GQ,FR,2010-Q3,501455.4,
ESTAT:NAMQ_10_GDP(1.0),06/07/23 23:00:00,Q,CP_MEUR,SCA,B1GQ,FR,2010-Q4,504301.4,
ESTAT:NAMQ_10_GDP(1.0),06/07/23 23:00:00,Q,CP_MEUR,SCA,B1GQ,FR,2011-Q1,511189.4,
ESTAT:NAMQ_10_GDP(1.0),06/07/23 23:00:00,Q,CP_MEUR,SCA,B1GQ,FR,2011-Q2,512208.6,
ESTAT:NAMQ_10_GDP(1.0),06/07/23 23:00:00,Q,CP_MEUR,SCA,B1GQ,FR,2011-Q3,515465.5,
ESTAT:NAMQ_10_GDP(1.0),06/07/23 23:00:00,Q,CP_MEUR,SCA,B1GQ,FR,2011-Q4,518353.2,
ESTAT:NAMQ_10_GDP(1.0),06/07/23 23:00:00,Q,CP_MEUR,SCA,B1GQ,FR,2012-Q1,519563.5,
ESTAT:NAMQ_10_GDP(1.0),06/07/23 23:00:00,Q,CP_MEUR,SCA,B1GQ,FR,2012-Q2,521364.5,
ESTAT:NAMQ_10_GDP(1.0),06/07/23 23:00:00,Q,CP_MEUR,SCA,B1GQ,FR,2012-Q3,524095.9,
ESTAT:NAMQ_10_GDP(1.0),06/07/23 23:00:00,Q,CP_MEUR,SCA,B1GQ,FR,2012-Q4,523692.0,
ESTAT:NAMQ_10_GDP(1.0),06/07/23 23:00:00,Q,CP_MEUR,SCA,B1GQ,FR,2013-Q1,525521.5,
ESTAT:NAMQ_10_GDP(1.0),06/07/23 23:00:00,Q,CP_MEUR,SCA,B1GQ,FR,2013-Q2,530220.5,
ESTAT:NAMQ_10_GDP(1.0),06/07/23 23:00:00,Q,CP_MEUR,SCA,B1GQ,FR,2013-Q3,529952.5,
ESTAT:NAMQ_10_GDP(1.0),06/07/23 23:00:00,Q,CP_MEUR,SCA,B1GQ,FR,2013-Q4,533875.1,
ESTAT:NAMQ_10_GDP(1.0),06/07/23 23:00:00,Q,CP_MEUR,SCA,B1GQ,FR,2014-Q1,535271.4,
ESTAT:NAMQ_10_GDP(1.0),06/07/23 23:00:00,Q,CP_MEUR,SCA,B1GQ,FR,2014-Q2,536003.1,
ESTAT:NAMQ_10_GDP(1.0),06/07/23 23:00:00,Q,CP_MEUR,SCA,B1GQ,FR,2014-Q3,539511.7,
ESTAT:NAMQ_10_GDP(1.0),06/07/23 23:00:00,Q,CP_MEUR,SCA,B1GQ,FR,2014-Q4,541425.4,
ESTAT:NAMQ_10_GDP(1.0),06/07/23 23:00:00,Q,CP_MEUR,SCA,B1GQ,FR,2015-Q1,546519.5,
ESTAT:NAMQ_10_GDP(1.0),06/07/23 23:00:00,Q,CP_MEUR,SCA,B1GQ,FR,2015-Q2,548256.5,
ESTAT:NAMQ_10_GDP(1.0),06/07/23 23:00:00,Q,CP_MEUR,SCA,B1GQ,FR,2015-Q3,551314.2,
ESTAT:NAMQ_10_GDP(1.0),06/07/23 23:00:00,Q,CP_MEUR,SCA,B1GQ,FR,2015-Q4,553519.5,
ESTAT:NAMQ_10_GDP(1.0),06/07/23 23:00:00,Q,CP_MEUR,SCA,B1GQ,FR,2016-Q1,558201.0,
ESTAT:NAMQ_10_GDP(1.0),06/07/23 23:00:00,Q,CP_MEUR,SCA,B1GQ,FR,2016-Q2,555392.8,
ESTAT:NAMQ_10_GDP(1.0),06/07/23 23:00:00,Q,CP_MEUR,SCA,B1GQ,FR,2016-Q3,557864.6,
ESTAT:NAMQ_10_GDP(1.0),06/07/23 23:00:00,Q,CP_MEUR,SCA,B1GQ,FR,2016-Q4,561448.1,
ESTAT:NAMQ_10_GDP(1.0),06/07/23 23:00:00,Q,CP_MEUR,SCA,B1GQ,FR,2017-Q1,566708.6,
ESTAT:NAMQ_10_GDP(1.0),06/07/23 23:00:00,Q,CP_MEUR,SCA,B1GQ,FR,2017-Q2,572513.3,
ESTAT:NAMQ_10_GDP(1.0),06/07/23 23:00:00,Q,CP_MEUR,SCA,B1GQ,FR,2017-Q3,578053.0,
ESTAT:NAMQ_10_GDP(1.0),06/07/23 23:00:00,Q,CP_MEUR,SCA,B1GQ,FR,2017-Q4,582334.7,
ESTAT:NAMQ_10_GDP(1.0),06/07/23 23:00:00,Q,CP_MEUR,SCA,B1GQ,FR,2018-Q1,584938.8,
ESTAT:NAMQ_10_GDP(1.0),06/07/23 23:00:00,Q,CP_MEUR,SCA,B1GQ,FR,2018-Q2,588365.9,
ESTAT:NAMQ_10_GDP(1.0),06/07/23 23:00:00,Q,CP_MEUR,SCA,B1GQ,FR,2018-Q3,593293.8,
ESTAT:NAMQ_10_GDP(1.0),06/07/23 23:00:00,Q,CP_MEUR,SCA,B1GQ,FR,2018-Q4,598168.7,
ESTAT:NAMQ_10_GDP(1.0),06/07/23 23:00:00,Q,CP_MEUR,SCA,B1GQ,FR,2019-Q1,604595.2,
ESTAT:NAMQ_10_GDP(1.0),06/07/23 23:00:00,Q,CP_MEUR,SCA,B1GQ,FR,2019-Q2,610308.5,
ESTAT:NAMQ_10_GDP(1.0),06/07/23 23:00:00,Q,CP_MEUR,SCA,B1GQ,FR,2019-Q3,613067.4,
ESTAT:NAMQ_10_GDP(1.0),06/07/23 23:00:00,Q,CP_MEUR,SCA,B1GQ,FR,2019-Q4,612251.3,
ESTAT:NAMQ_10_GDP(1.0),06/07/23 23:00:00,Q,CP_MEUR,SCA,B1GQ,FR,2020-Q1,587179.3,
ESTAT:NAMQ_10_GDP(1.0),06/07/23 23:00:00,Q,CP_MEUR,SCA,B1GQ,FR,2020-Q2,528565.6,
ESTAT:NAMQ_10_GDP(1.0),06/07/23 23:00:00,Q,CP_MEUR,SCA,B1GQ,FR,2020-Q3,598916.3,
ESTAT:NAMQ_10_GDP(1.0),06/07/23 23:00:00,Q,CP_MEUR,SCA,B1GQ,FR,2020-Q4,602154.3,
ESTAT:NAMQ_10_GDP(1.0),06/07/23 23:00:00,Q,CP_MEUR,SCA,B1GQ,FR,2021-Q1,607818.8,
ESTAT:NAMQ_10_GDP(1.0),06/07/23 23:00:00,Q,CP_MEUR,SCA,B1GQ,FR,2021-Q2,616438.8,
ESTAT:NAMQ_10_GDP(1.0),06/07/23 23:00:00,Q,CP_MEUR,SCA,B1GQ,FR,2021-Q3,635290.8,
ESTAT:NAMQ_10_GDP(1.0),06/07/23 23:00:00,Q,CP_MEUR,SCA,B1GQ,FR,2021-Q4,640108.8,
ESTAT:NAMQ_10_GDP(1.0),06/07/23 23:00:00,Q,CP_MEUR,SCA,B1GQ,FR,2022-Q1,645120.4,
ESTAT:NAMQ_10_GDP(1.0),06/07/23 23:00:00,Q,CP_MEUR,SCA,B1GQ,FR,2022-Q2,655147.3,
ESTAT:NAMQ_10_GDP(1.0),06/07/23 23:00:00,Q,CP_MEUR,SCA,B1GQ,FR,2022-Q3,664604.7,
ESTAT:NAMQ_10_GDP(1.0),06/07/23 23:00:00,Q,CP_MEUR,SCA,B1GQ,FR,2022-Q4,673116.3,
ESTAT:NAMQ_10_GDP(1.0),06/07/23 23:00:00,Q,CP_MEUR,SCA,B1GQ,FR,2023-Q1,686259.5,
ESTAT:NAMQ_10_GDP(1.0),06/07/23 23:00:00,Q,CP_MEUR,SCA,B1GQ,IT,1999-Q4,299655.1,
ESTAT:NAMQ_10_GDP(1.0),06/07/23 23:00:00,Q,CP_MEUR,SCA,B1GQ,IT,2000-Q1,304332.9,
ESTAT:NAMQ_10_GDP(1.0),06/07/23 23:00:00,Q,CP_MEUR,SCA,B1GQ,IT,2000-Q2,309182.0,
ESTAT:NAMQ_10_GDP(1.0),06/07/23 23:00:00,Q,CP_MEUR,SCA,B1GQ,IT,2000-Q3,311585.5,
ESTAT:NAMQ_10_GDP(1.0),06/07/23 23:00:00,Q,CP_MEUR,SCA,B1GQ,IT,2000-Q4,318345.9,
ESTAT:NAMQ_10_GDP(1.0),06/07/23 23:00:00,Q,CP_MEUR,SCA,B1GQ,IT,2001-Q1,322548.8,
ESTAT:NAMQ_10_GDP(1.0),06/07/23 23:00:00,Q,CP_MEUR,SCA,B1GQ,IT,2001-Q2,324945.5,
ESTAT:NAMQ_10_GDP(1.0),06/07/23 23:00:00,Q,CP_MEUR,SCA,B1GQ,IT,2001-Q3,326928.5,
ESTAT:NAMQ_10_GDP(1.0),06/07/23 23:00:00,Q,CP_MEUR,SCA,B1GQ,IT,2001-Q4,329286.6,
ESTAT:NAMQ_10_GDP(1.0),06/07/23 23:00:00,Q,CP_MEUR,SCA,B1GQ,IT,2002-Q1,333028.1,
ESTAT:NAMQ_10_GDP(1.0),06/07/23 23:00:00,Q,CP_MEUR,SCA,B1GQ,IT,2002-Q2,336106.6,
ESTAT:NAMQ_10_GDP(1.0),06/07/23 23:00:00,Q,CP_MEUR,SCA,B1GQ,IT,2002-Q3,339507.7,
ESTAT:NAMQ_10_GDP(1.0),06/07/23 23:00:00,Q,CP_MEUR,SCA,B1GQ,IT,2002-Q4,341116.9,
ESTAT:NAMQ_10_GDP(1.0),06/07/23 23:00:00,Q,CP_MEUR,SCA,B1GQ,IT,2003-Q1,343929.8,
ESTAT:NAMQ_10_GDP(1.0),06/07/23 23:00:00,Q,CP_MEUR,SCA,B1GQ,IT,2003-Q2,347003.3,
ESTAT:NAMQ_10_GDP(1.0),06/07/23 23:00:00,Q,CP_MEUR,SCA,B1GQ,IT,2003-Q3,351757.6,
ESTAT:NAMQ_10_GDP(1.0),06/07/23 23:00:00,Q,CP_MEUR,SCA,B1GQ,IT,2003-Q4,352783.0,
ESTAT:NAMQ_10_GDP(1.0),06/07/23 23:00:00,Q,CP_MEUR,SCA,B1GQ,IT,2004-Q1,356837.4,
ESTAT:NAMQ_10_GDP(1.0),06/07/23 23:00:00,Q,CP_MEUR,SCA,B1GQ,IT,2004-Q2,363193.8,
ESTAT:NAMQ_10_GDP(1.0),06/07/23 23:00:00,Q,CP_MEUR,SCA,B1GQ,IT,2004-Q3,362902.4,
ESTAT:NAMQ_10_GDP(1.0),06/07/23 23:00:00,Q,CP_MEUR,SCA,B1GQ,IT,2004-Q4,367063.4,
ESTAT:NAMQ_10_GDP(1.0),06/07/23 23:00:00,Q,CP_MEUR,SCA,B1GQ,IT,2005-Q1,367178.6,
ESTAT:NAMQ_10_GDP(1.0),06/07/23 23:00:00,Q,CP_MEUR,SCA,B1GQ,IT,2005-Q2,371039.2,
ESTAT:NAMQ_10_GDP(1.0),06/07/23 23:00:00,Q,CP_MEUR,SCA,B1GQ,IT,2005-Q3,374980.4,
ESTAT:NAMQ_10_GDP(1.0),06/07/23 23:00:00,Q,CP_MEUR,SCA,B1GQ,IT,2005-Q4,381041.8,
ESTAT:NAMQ_10_GDP(1.0),06/07/23 23:00:00,Q,CP_MEUR,SCA,B1GQ,IT,2006-Q1,380640.1,
ESTAT:NAMQ_10_GDP(1.0),06/07/23 23:00:00,Q,CP_MEUR,SCA,B1GQ,IT,2006-Q2,386469.7,
ESTAT:NAMQ_10_GDP(1.0),06/07/23 23:00:00,Q,CP_MEUR,SCA,B1GQ,IT,2006-Q3,390701.5,
ESTAT:NAMQ_10_GDP(1.0),06/07/23 23:00:00,Q,CP_MEUR,SCA,B1GQ,IT,2006-Q4,397024.7,
ESTAT:NAMQ_10_GDP(1.0),06/07/23 23:00:00,Q,CP_MEUR,SCA,B1GQ,IT,2007-Q1,397540.8,
ESTAT:NAMQ_10_GDP(1.0),06/07/23 23:00:00,Q,CP_MEUR,SCA,B1GQ,IT,2007-Q2,400603.3,
ESTAT:NAMQ_10_GDP(1.0),06/07/23 23:00:00,Q,CP_MEUR,SCA,B1GQ,IT,2007-Q3,405271.2,
ESTAT:NAMQ_10_GDP(1.0),06/07/23 23:00:00,Q,CP_MEUR,SCA,B1GQ,IT,2007-Q4,411151.8,
ESTAT:NAMQ_10_GDP(1.0),06/07/23 23:00:00,Q,CP_MEUR,SCA,B1GQ,IT,2008-Q1,413594.4,
ESTAT:NAMQ_10_GDP(1.0),06/07/23 23:00:00,Q,CP_MEUR,SCA,B1GQ,IT,2008-Q2,414588.4,
ESTAT:NAMQ_10_GDP(1.0),06/07/23 23:00:00,Q,CP_MEUR,SCA,B1GQ,IT,2008-Q3,409648.0,
ESTAT:NAMQ_10_GDP(1.0),06/07/23 23:00:00,Q,CP_MEUR,SCA,B1GQ,IT,2008-Q4,399567.8,
ESTAT:NAMQ_10_GDP(1.0),06/07/23 23:00:00,Q,CP_MEUR,SCA,B1GQ,IT,2009-Q1,393702.4,
ESTAT:NAMQ_10_GDP(1.0),06/07/23 23:00:00,Q,CP_MEUR,SCA,B1GQ,IT,2009-Q2,391995.5,
ESTAT:NAMQ_10_GDP(1.0),06/07/23 23:00:00,Q,CP_MEUR,SCA,B1GQ,IT,2009-Q3,394150.3,
ESTAT:NAMQ_10_GDP(1.0),06/07/23 23:00:00,Q,CP_MEUR,SCA,B1GQ,IT,2009-Q4,396269.0,
ESTAT:NAMQ_10_GDP(1.0),06/07/23 23:00:00,Q,CP_MEUR,SCA,B1GQ,IT,2010-Q1,396922.2,
ESTAT:NAMQ_10_GDP(1.0),06/07/23 23:00:00,Q,CP_MEUR,SCA,B1GQ,IT,2010-Q2,401042.0,
ESTAT:NAMQ_10_GDP(1.0),06/07/23 23:00:00,Q,CP_MEUR,SCA,B1GQ,IT,2010-Q3,403771.5,
ESTAT:NAMQ_10_GDP(1.0),06/07/23 23:00:00,Q,CP_MEUR,SCA,B1GQ,IT,2010-Q4,407753.1,
ESTAT:NAMQ_10_GDP(1.0),06/07/23 23:00:00,Q,CP_MEUR,SCA,B1GQ,IT,2011-Q1,412114.7,
ESTAT:NAMQ_10_GDP(1.0),06/07/23 23:00:00,Q,CP_MEUR,SCA,B1GQ,IT,2011-Q2,412813.9,
ESTAT:NAMQ_10_GDP(1.0),06/07/23 23:00:00,Q,CP_MEUR,SCA,B1GQ,IT,2011-Q3,413042.8,
ESTAT:NAMQ_10_GDP(1.0),06/07/23 23:00:00,Q,CP_MEUR,SCA,B1GQ,IT,2011-Q4,411509.3,
ESTAT:NAMQ_10_GDP(1.0),06/07/23 23:00:00,Q,CP_MEUR,SCA,B1GQ,IT,2012-Q1,408223.3,
ESTAT:NAMQ_10_GDP(1.0),06/07/23 23:00:00,Q,CP_MEUR,SCA,B1GQ,IT,2012-Q2,406715.1,
ESTAT:NAMQ_10_GDP(1.0),06/07/23 23:00:00,Q,CP_MEUR,SCA,B1GQ,IT,2012-Q3,405423.6,
ESTAT:NAMQ_10_GDP(1.0),06/07/23 23:00:00,Q,CP_MEUR,SCA,B1GQ,IT,2012-Q4,404108.3,
ESTAT:NAMQ_10_GDP(1.0),06/07/23 23:00:00,Q,CP_MEUR,SCA,B1GQ,IT,2013-Q1,400543.4,
ESTAT:NAMQ_10_GDP(1.0),06/07/23 23:00:00,Q,CP_MEUR,SCA,B1GQ,IT,2013-Q2,403098.2,
ESTAT:NAMQ_10_GDP(1.0),06/07/23 23:00:00,Q,CP_MEUR,SCA,B1GQ,IT,2013-Q3,404185.2,
ESTAT:NAMQ_10_GDP(1.0),06/07/23 23:00:00,Q,CP_MEUR,SCA,B1GQ,IT,2013-Q4,404684.7,
ESTAT:NAMQ_10_GDP(1.0),06/07/23 23:00:00,Q,CP_MEUR,SCA,B1GQ,IT,2014-Q1,406824.6,
ESTAT:NAMQ_10_GDP(1.0),06/07/23 23:00:00,Q,CP_MEUR,SCA,B1GQ,IT,2014-Q2,406389.4,
ESTAT:NAMQ_10_GDP(1.0),06/07/23 23:00:00,Q,CP_MEUR,SCA,B1GQ,IT,2014-Q3,407122.7,
ESTAT:NAMQ_10_GDP(1.0),06/07/23 23:00:00,Q,CP_MEUR,SCA,B1GQ,IT,2014-Q4,408177.9,
ESTAT:NAMQ_10_GDP(1.0),06/07/23 23:00:00,Q,CP_MEUR,SCA,B1GQ,IT,2015-Q1,409863.9,
ESTAT:NAMQ_10_GDP(1.0),06/07/23 23:00:00,Q,CP_MEUR,SCA,B1GQ,IT,2015-Q2,412399.5,
ESTAT:NAMQ_10_GDP(1.0),06/07/23 23:00:00,Q,CP_MEUR,SCA,B1GQ,IT,2015-Q3,414983.1,
ESTAT:NAMQ_10_GDP(1.0),06/07/23 23:00:00,Q,CP_MEUR,SCA,B1GQ,IT,2015-Q4,417064.9,
ESTAT:NAMQ_10_GDP(1.0),06/07/23 23:00:00,Q,CP_MEUR,SCA,B1GQ,IT,2016-Q1,421547.7,
ESTAT:NAMQ_10_GDP(1.0),06/07/23 23:00:00,Q,CP_MEUR,SCA,B1GQ,IT,2016-Q2,422841.7,
ESTAT:NAMQ_10_GDP(1.0),06/07/23 23:00:00,Q,CP_MEUR,SCA,B1GQ,IT,2016-Q3,425418.5,
ESTAT:NAMQ_10_GDP(1.0),06/07/23 23:00:00,Q,CP_MEUR,SCA,B1GQ,IT,2016-Q4,426986.8,
ESTAT:NAMQ_10_GDP(1.0),06/07/23 23:00:00,Q,CP_MEUR,SCA,B1GQ,IT,2017-Q1,429276.8,
ESTAT:NAMQ_10_GDP(1.0),06/07/23 23:00:00,Q,CP_MEUR,SCA,B1GQ,IT,2017-Q2,433093.8,
ESTAT:NAMQ_10_GDP(1.0),06/07/23 23:00:00,Q,CP_MEUR,SCA,B1GQ,IT,2017-Q3,436172.6,
ESTAT:NAMQ_10_GDP(1.0),06/07/23 23:00:00,Q,CP_MEUR,SCA,B1GQ,IT,2017-Q4,440303.3,
ESTAT:NAMQ_10_GDP(1.0),06/07/23 23:00:00,Q,CP_MEUR,SCA,B1GQ,IT,2018-Q1,440853.7,
ESTAT:NAMQ_10_GDP(1.0),06/07/23 23:00:00,Q,CP_MEUR,SCA,B1GQ,IT,2018-Q2,443315.9,
ESTAT:NAMQ_10_GDP(1.0),06/07/23 23:00:00,Q,CP_MEUR,SCA,B1GQ,IT,2018-Q3,442725.7,
ESTAT:NAMQ_10_GDP(1.0),06/07/23 23:00:00,Q,CP_MEUR,SCA,B1GQ,IT,2018-Q4,444438.5,
ESTAT:NAMQ_10_GDP(1.0),06/07/23 23:00:00,Q,CP_MEUR,SCA,B1GQ,IT,2019-Q1,446933.5,
ESTAT:NAMQ_10_GDP(1.0),06/07/23 23:00:00,Q,CP_MEUR,SCA,B1GQ,IT,2019-Q2,448786.7,
ESTAT:NAMQ_10_GDP(1.0),06/07/23 23:00:00,Q,CP_MEUR,SCA,B1GQ,IT,2019-Q3,450453.3,
ESTAT:NAMQ_10_GDP(1.0),06/07/23 23:00:00,Q,CP_MEUR,SCA,B1GQ,IT,2019-Q4,450270.9,
ESTAT:NAMQ_10_GDP(1.0),06/07/23 23:00:00,Q,CP_MEUR,SCA,B1GQ,IT,2020-Q1,423800.5,
ESTAT:NAMQ_10_GDP(1.0),06/07/23 23:00:00,Q,CP_MEUR,SCA,B1GQ,IT,2020-Q2,378443.3,
ESTAT:NAMQ_10_GDP(1.0),06/07/23 23:00:00,Q,CP_MEUR,SCA,B1GQ,IT,2020-Q3,429302.7,
ESTAT:NAMQ_10_GDP(1.0),06/07/23 23:00:00,Q,CP_MEUR,SCA,B1GQ,IT,2020-Q4,428086.7,
ESTAT:NAMQ_10_GDP(1.0),06/07/23 23:00:00,Q,CP_MEUR,SCA,B1GQ,IT,2021-Q1,429998.4,
ESTAT:NAMQ_10_GDP(1.0),06/07/23 23:00:00,Q,CP_MEUR,SCA,B1GQ,IT,2021-Q2,441878.1,
ESTAT:NAMQ_10_GDP(1.0),06/07/23 23:00:00,Q,CP_MEUR,SCA,B1GQ,IT,2021-Q3,455424.0,
ESTAT:NAMQ_10_GDP(1.0),06/07/23 23:00:00,Q,CP_MEUR,SCA,B1GQ,IT,2021-Q4,458556.8,
ESTAT:NAMQ_10_GDP(1.0),06/07/23 23:00:00,Q,CP_MEUR,SCA,B1GQ,IT,2022-Q1,466071.4,
ESTAT:NAMQ_10_GDP(1.0),06/07/23 23:00:00,Q,CP_MEUR,SCA,B1GQ,IT,2022-Q2,476624.8,
ESTAT:NAMQ_10_GDP(1.0),06/07/23 23:00:00,Q,CP_MEUR,SCA,B1GQ,IT,2022-Q3,476500.2,
ESTAT:NAMQ_10_GDP(1.0),06/07/23 23:00:00,Q,CP_MEUR,SCA,B1GQ,IT,2022-Q4,490770.5,
ESTAT:NAMQ_10_GDP(1.0),06/07/23 23:00:00,Q,CP_MEUR,SCA,B1GQ,IT,2023-Q1,502022.5,
